Russian,English,icon_url,license_description,attribution
люди,people,https://static.thenounproject.com/png/2300-200.png,creative-commons-attribution,people by Roman J. Sokolov from Noun Project
человек,"person, man, human being, people",https://static.thenounproject.com/png/2231-200.png,creative-commons-attribution,person by Antonis Makriyannis from Noun Project
год,year,https://static.thenounproject.com/png/247259-200.png,creative-commons-attribution,year by Rohit Arun Rao from Noun Project
время,time,https://static.thenounproject.com/png/6731-200.png,creative-commons-attribution,Time by Richard de Vos from Noun Project
рука,"hand, arm",https://static.thenounproject.com/png/1260-200.png,creative-commons-attribution,Hand by Ugur Akdemir from Noun Project
дело,"matter, business, thing, affair",https://static.thenounproject.com/png/1821975-200.png,creative-commons-attribution,matter by Andrejs Kirma from Noun Project
раз,"time, occurrence, one (counting)",https://static.thenounproject.com/png/6731-200.png,creative-commons-attribution,Time by Richard de Vos from Noun Project
жизнь,life,https://static.thenounproject.com/png/84835-200.png,creative-commons-attribution,life by Alex Fuller from Noun Project
день,"day, afternoon",https://static.thenounproject.com/png/29099-200.png,creative-commons-attribution,day by Maurizio Fusillo from Noun Project
голова,head,https://static.thenounproject.com/png/19401-200.png,creative-commons-attribution,Head by Yorlmar Campos from Noun Project
друг,"friend, boyfriend",https://static.thenounproject.com/png/5332-200.png,creative-commons-attribution,Friend by Oleg Frolov from Noun Project
дом,"house, apartment building",https://static.thenounproject.com/png/1309-200.png,creative-commons-attribution,House by John Caserta from Noun Project
слово,word,https://static.thenounproject.com/png/95000-200.png,creative-commons-attribution,word by Richard Schumann from Noun Project
место,place,https://static.thenounproject.com/png/342346-200.png,creative-commons-attribution,place by S Madsen from Noun Project
лицо,"face, character",https://static.thenounproject.com/png/5186-200.png,creative-commons-attribution,Face by Mike Rowe from Noun Project
сторона,"side, direction",https://static.thenounproject.com/png/192127-200.png,creative-commons-attribution,side by Magicon from Noun Project
нога,"foot, leg",https://static.thenounproject.com/png/67773-200.png,creative-commons-attribution,foot by iconsmind.com from Noun Project
дверь,door,https://static.thenounproject.com/png/2182-200.png,creative-commons-attribution,Door by Anas Ramadan from Noun Project
работа,"work, paper",https://static.thenounproject.com/png/19157-200.png,creative-commons-attribution,Work by Ainsley Wagoner from Noun Project
земля,"ground, land, earth, Earth",https://static.thenounproject.com/png/120959-200.png,creative-commons-attribution,ground by Arthur Shlain from Noun Project
конец,"end, finish",https://static.thenounproject.com/png/30973-200.png,creative-commons-attribution,end by Tori Holtel from Noun Project
час,"hour, watch, clock (pl)",https://static.thenounproject.com/png/487231-200.png,creative-commons-attribution,hour by Yuri Mazursky from Noun Project
голос,voice,https://static.thenounproject.com/png/27287-200.png,creative-commons-attribution,voice by Anton Håkanson from Noun Project
город,"city, town",https://static.thenounproject.com/png/1566-200.png,creative-commons-attribution,City by Thibault Geffroy from Noun Project
вода,water,https://static.thenounproject.com/png/163-200.png,creative-commons-attribution,Water by Edward Boatman from Noun Project
стол,table,https://static.thenounproject.com/png/1392-200.png,creative-commons-attribution,Table by Sofie Hauge Katan from Noun Project
отец,father,https://static.thenounproject.com/png/12434-200.png,creative-commons-attribution,father by Sebastian Langer from Noun Project
случай,"happening, event, occurrence, incident",https://static.thenounproject.com/png/192880-200.png,creative-commons-attribution,bugle by Robert Bjurshagen from Noun Project
ночь,night,https://static.thenounproject.com/png/38522-200.png,creative-commons-attribution,Night by Ahmed Elzahra from Noun Project
вид,"kind, type, sort, view, aspect",https://static.thenounproject.com/png/640349-200.png,creative-commons-attribution,kind by Ker'is from Noun Project
ряд,"row, line, series",https://static.thenounproject.com/png/380698-200.png,creative-commons-attribution,row by Samy Menai from Noun Project
начало,"beginning, start",https://static.thenounproject.com/png/2349281-200.png,creative-commons-attribution,beginning by Thomas Le Bas from Noun Project
вопрос,question,https://static.thenounproject.com/png/2036-200.png,creative-commons-attribution,Question by Henry Ryder from Noun Project
война,war,https://static.thenounproject.com/png/332702-200.png,creative-commons-attribution,War by nayeli zimmermann from Noun Project
минута,minute,https://static.thenounproject.com/png/1617810-200.png,creative-commons-attribution,minute by sofi from Noun Project
жена,wife,https://static.thenounproject.com/png/1194956-200.png,creative-commons-attribution,wife by Egon Låstad from Noun Project
правда,"truth, true, really",https://static.thenounproject.com/png/398697-200.png,creative-commons-attribution,truth by Mike Rowe from Noun Project
страна,country,https://static.thenounproject.com/png/402063-200.png,creative-commons-attribution,country by Yu luck from Noun Project
свет,"light, world, (high) society",https://static.thenounproject.com/png/43019-200.png,creative-commons-attribution,Light by Husein Aziz from Noun Project
мать,mother,https://static.thenounproject.com/png/8658-200.png,creative-commons-attribution,mother by Shreya Chakravarty from Noun Project
дорога,"road, street, way (very general)",https://static.thenounproject.com/png/2203-200.png,creative-commons-attribution,Road by Chris Thoburn from Noun Project
комната,room,https://static.thenounproject.com/png/17576-200.png,creative-commons-attribution,room by Tiago Dos Reis Rodrigues from Noun Project
Москва,Moscow,https://static.thenounproject.com/png/40666-200.png,creative-commons-attribution,Moscow by Fabien Jouin from Noun Project
часть,part,https://static.thenounproject.com/png/258206-200.png,creative-commons-attribution,part by luimonts from Noun Project
улица,street,https://static.thenounproject.com/png/35613-200.png,creative-commons-attribution,street by Mister Pixel from Noun Project
душа,soul,https://static.thenounproject.com/png/1668993-200.png,creative-commons-attribution,soul by Yaroslav Samoilov from Noun Project
утро,morning,https://static.thenounproject.com/png/84830-200.png,creative-commons-attribution,Morning by Alex Fuller from Noun Project
вечер,"evening, party, soiree (more formal)",https://static.thenounproject.com/png/328345-200.png,creative-commons-attribution,Evening by Creative Stall from Noun Project
пол,"floor, sex (male/female), half",https://static.thenounproject.com/png/51470-200.png,creative-commons-attribution,Floor by mara julieta G. from Noun Project
народ,"people, nation",https://static.thenounproject.com/png/2300-200.png,creative-commons-attribution,people by Roman J. Sokolov from Noun Project
бог,"God, god|gods",https://static.thenounproject.com/png/1022035-200.png,creative-commons-attribution,god by Brandon Shields from Noun Project
Россия,Russia,https://static.thenounproject.com/png/2645-200.png,creative-commons-attribution,russia by Sergey Bakin from Noun Project
история,"story, history",https://static.thenounproject.com/png/486925-200.png,creative-commons-attribution,Story by James Taylorson from Noun Project
сын,son,https://static.thenounproject.com/png/59787-200.png,creative-commons-attribution,son by Snehal Patil from Noun Project
лес,"forest, woods",https://static.thenounproject.com/png/27297-200.png,creative-commons-attribution,forest by Juan Pablo Bravo from Noun Project
имя,"name, first name (of person, pet)",https://static.thenounproject.com/png/1736321-200.png,creative-commons-attribution,name by Xela Ub from Noun Project
разговор,conversation,https://static.thenounproject.com/png/1680-200.png,creative-commons-attribution,Conversation by Anna Weiss from Noun Project
тело,body,https://static.thenounproject.com/png/29832-200.png,creative-commons-attribution,body by Dan Hetteix from Noun Project
стена,wall,https://static.thenounproject.com/png/62119-200.png,creative-commons-attribution,wall by Sergey Krivoy from Noun Project
право,right,https://static.thenounproject.com/png/5380-200.png,creative-commons-attribution,right by Desbenoit from Noun Project
старик,old man,https://static.thenounproject.com/png/22860-200.png,creative-commons-attribution,old man by Anushay Qureshi from Noun Project
мама,"mom, mama, mommy, mum, mummy",https://static.thenounproject.com/png/63384-200.png,creative-commons-attribution,Mom by Tomek Wołoszyn from Noun Project
путь,"path, way",https://static.thenounproject.com/png/26066-200.png,creative-commons-attribution,path by Gerardo Martín Martínez from Noun Project
месяц,month,https://static.thenounproject.com/png/247254-200.png,creative-commons-attribution,month by Rohit Arun Rao from Noun Project
спина,back,https://static.thenounproject.com/png/8301-200.png,creative-commons-attribution,back by John Chapman from Noun Project
язык,"language, tongue",https://static.thenounproject.com/png/44527-200.png,creative-commons-attribution,Language by Claire Jones from Noun Project
мальчик,"boy, little boy",https://static.thenounproject.com/png/5190-200.png,creative-commons-attribution,boy by Mike Rowe from Noun Project
небо,"sky, heaven, the heavens",https://static.thenounproject.com/png/217495-200.png,creative-commons-attribution,sky by P Thanga Vignesh from Noun Project
образ,"shape, form, image, manner",https://static.thenounproject.com/png/200922-200.png,creative-commons-attribution,shape by Patrick Trouvé from Noun Project
письмо,letter,https://static.thenounproject.com/png/1209-200.png,creative-commons-attribution,Letter by Tom Schott from Noun Project
брат,brother,https://static.thenounproject.com/png/657173-200.png,creative-commons-attribution,brother by Gan Khoon Lay from Noun Project
система,system,https://static.thenounproject.com/png/303244-200.png,creative-commons-attribution,system by Paweł Wypych from Noun Project
квартира,apartment,https://static.thenounproject.com/png/2980-200.png,creative-commons-attribution,Apartment by Adam Iscrupe from Noun Project
хозяин,"owner, landlord, host",https://static.thenounproject.com/png/545538-200.png,creative-commons-attribution,owner by Doub.co from Noun Project
парень,"boyfriend, guy, young fellow",https://static.thenounproject.com/png/20366-200.png,creative-commons-attribution,boyfriend by Cindy Hu from Noun Project
неделя,week,https://static.thenounproject.com/png/247256-200.png,creative-commons-attribution,week by Rohit Arun Rao from Noun Project
нос,nose,https://static.thenounproject.com/png/10826-200.png,creative-commons-attribution,nose by Rachel Healey from Noun Project
внимание,attention,https://static.thenounproject.com/png/55319-200.png,creative-commons-attribution,attention by Vicons Design from Noun Project
чувство,"feeling, sense",https://static.thenounproject.com/png/545660-200.png,creative-commons-attribution,feeling by Dairy Free Design from Noun Project
семья,family,https://static.thenounproject.com/png/8199-200.png,creative-commons-attribution,Family by Jens Tärning from Noun Project
момент,moment,https://static.thenounproject.com/png/2700515-200.png,creative-commons-attribution,moment by Allen Wang from Noun Project
муж,husband,https://static.thenounproject.com/png/1194955-200.png,creative-commons-attribution,husband by Egon Låstad from Noun Project
порядок,"order, sequence",https://static.thenounproject.com/png/42853-200.png,creative-commons-attribution,order by Alex from Noun Project
газета,newspaper,https://static.thenounproject.com/png/397-200.png,creative-commons-attribution,Newspaper by Edward Boatman from Noun Project
помощь,help,https://static.thenounproject.com/png/28806-200.png,creative-commons-attribution,help by Luis Prado from Noun Project
дерево,tree,https://static.thenounproject.com/png/173-200.png,creative-commons-attribution,Tree by Edward Boatman from Noun Project
сон,"sleep, dream (sleeping)",https://static.thenounproject.com/png/6393-200.png,creative-commons-attribution,sleep by DonBLC from Noun Project
смысл,"sense, meaning",https://static.thenounproject.com/png/12148-200.png,creative-commons-attribution,Eye by Alessandro Suraci from Noun Project
двор,"courtyard, yard",https://static.thenounproject.com/png/184299-200.png,creative-commons-attribution,courtyard by Loris Knoll from Noun Project
возможность,"opportunity, possibility, chance",https://static.thenounproject.com/png/342310-200.png,creative-commons-attribution,opportunity by S Madsen from Noun Project
угол,corner,https://static.thenounproject.com/png/51761-200.png,creative-commons-attribution,corner by Michael Senkow from Noun Project
немец,German,https://static.thenounproject.com/png/24870-200.png,creative-commons-attribution,German by Slawek Jurczyk from Noun Project
дядя,uncle,https://static.thenounproject.com/png/985453-200.png,creative-commons-attribution,uncle by DinosoftLab from Noun Project
писатель,writer,https://static.thenounproject.com/png/67421-200.png,creative-commons-attribution,writer by Yamini Ahluwalia from Noun Project
армия,army,https://static.thenounproject.com/png/199815-200.png,creative-commons-attribution,Army by MRFA from Noun Project
гость,guest,https://static.thenounproject.com/png/215159-200.png,creative-commons-attribution,guest by GeoNeo1 from Noun Project
море,sea,https://static.thenounproject.com/png/39851-200.png,creative-commons-attribution,Sea by hunotika from Noun Project
гора,mountain,https://static.thenounproject.com/png/1045-200.png,creative-commons-attribution,Mountain by Marco Acri from Noun Project
река,river,https://static.thenounproject.com/png/105294-200.png,creative-commons-attribution,river by Friedrich Santana from Noun Project
вещь,thing,https://static.thenounproject.com/png/1898098-200.png,creative-commons-attribution,thing by Path Lord from Noun Project
девочка,"young girl, little girl",https://static.thenounproject.com/png/149191-200.png,creative-commons-attribution,young girl by Mike Rowe from Noun Project
номер,"number, room (in hotel)",https://static.thenounproject.com/png/38285-200.png,creative-commons-attribution,Number by Alex Fuller from Noun Project
глава,"chapter, head (of group, figurative)",https://static.thenounproject.com/png/3549511-200.png,creative-commons-attribution,chapter by Gregor Cresnar from Noun Project
проблема,problem,https://static.thenounproject.com/png/201633-200.png,creative-commons-attribution,problem by Marie Van den Broeck from Noun Project
страх,fear,https://static.thenounproject.com/png/86004-200.png,creative-commons-attribution,fear by Aenne Brielmann from Noun Project
пара,pair,https://static.thenounproject.com/png/167507-200.png,creative-commons-attribution,pair by Derek Britton from Noun Project
государство,"state, government",https://static.thenounproject.com/png/496792-200.png,creative-commons-attribution,State by Hea Poh Lin from Noun Project
деревня,"country, countryside, village",https://static.thenounproject.com/png/402063-200.png,creative-commons-attribution,country by Yu luck from Noun Project
класс,"classroom, grade (in school)",https://static.thenounproject.com/png/37929-200.png,creative-commons-attribution,classroom by Rafael Farias Leão from Noun Project
профессор,professor,https://static.thenounproject.com/png/69736-200.png,creative-commons-attribution,professor by iconsmind.com from Noun Project
счастье,"happiness, fortune",https://static.thenounproject.com/png/6831-200.png,creative-commons-attribution,happiness by Jim Lears from Noun Project
план,plan,https://static.thenounproject.com/png/60541-200.png,creative-commons-attribution,plan by Ali Riza Saçan from Noun Project
директор,director,https://static.thenounproject.com/png/73006-200.png,creative-commons-attribution,director by iconsmind.com from Noun Project
память,memory,https://static.thenounproject.com/png/870-200.png,creative-commons-attribution,Memory by Anne-Marie Nguyen from Noun Project
результат,result,https://static.thenounproject.com/png/118982-200.png,creative-commons-attribution,result by Oriol Carbonell from Noun Project
процесс,process,https://static.thenounproject.com/png/14970-200.png,creative-commons-attribution,process by Takao Umehara from Noun Project
картина,"picture, painting",https://static.thenounproject.com/png/541-200.png,creative-commons-attribution,Picture by Edward Boatman from Noun Project
центр,"center, downtown",https://static.thenounproject.com/png/10629-200.png,creative-commons-attribution,center by Alex Fuller from Noun Project
число,"number, date",https://static.thenounproject.com/png/38285-200.png,creative-commons-attribution,Number by Alex Fuller from Noun Project
рубль,ruble,https://static.thenounproject.com/png/26895-200.png,creative-commons-attribution,ruble by Dima Lagunov from Noun Project
коридор,"hall, hallway, corridor",https://static.thenounproject.com/png/1689482-200.png,creative-commons-attribution,hall by Gregor Cresnar from Noun Project
автор,author,https://static.thenounproject.com/png/114585-200.png,creative-commons-attribution,author by N.K.Narasimhan from Noun Project
документ,"ID, papers",https://static.thenounproject.com/png/105492-200.png,creative-commons-attribution,id by Brian Dys Sahagun from Noun Project
самолет,plane,https://static.thenounproject.com/png/58819-200.png,creative-commons-attribution,Plane by NAS from Noun Project
игра,"game, play",https://static.thenounproject.com/png/258-200.png,creative-commons-attribution,Game by Edward Boatman from Noun Project
рассказ,"story, short story",https://static.thenounproject.com/png/486925-200.png,creative-commons-attribution,Story by James Taylorson from Noun Project
хлеб,bread,https://static.thenounproject.com/png/705-200.png,creative-commons-attribution,Bread by Edward Boatman from Noun Project
наука,science,https://static.thenounproject.com/png/62984-200.png,creative-commons-attribution,Science by Xinh Studio from Noun Project
кухня,"kitchen, cuisine, type of food",https://static.thenounproject.com/png/20958-200.png,creative-commons-attribution,Kitchen by Atterratio Aeternus from Noun Project
решение,"solution, decision",https://static.thenounproject.com/png/25478-200.png,creative-commons-attribution,solution by TNS from Noun Project
роман,"novel, romance",https://static.thenounproject.com/png/1352664-200.png,creative-commons-attribution,novel by Laymik from Noun Project
компания,company,https://static.thenounproject.com/png/88781-200.png,creative-commons-attribution,company by José Campos from Noun Project
метр,meter,https://static.thenounproject.com/png/22820-200.png,creative-commons-attribution,meter by Luca Trinchero from Noun Project
институт,institute,https://static.thenounproject.com/png/596853-200.png,creative-commons-attribution,institute by shashank singh from Noun Project
интерес,interest,https://static.thenounproject.com/png/229347-200.png,creative-commons-attribution,Interest by Andres Gleixner from Noun Project
половина,half,https://static.thenounproject.com/png/97969-200.png,creative-commons-attribution,half by Michael Senkow from Noun Project
идея,idea,https://static.thenounproject.com/png/762-200.png,creative-commons-attribution,Idea by Edward Boatman from Noun Project
родители,parents,https://static.thenounproject.com/png/250956-200.png,creative-commons-attribution,parents by Milinda Courey from Noun Project
чай,tea,https://static.thenounproject.com/png/1817-200.png,creative-commons-attribution,Tea by Andrew Cameron from Noun Project
магазин,store,https://static.thenounproject.com/png/3278-200.png,creative-commons-attribution,Store by Joris Hoogendoorn from Noun Project
президент,president,https://static.thenounproject.com/png/9706-200.png,creative-commons-attribution,president by Alex WaZa from Noun Project
поэт,poet,https://static.thenounproject.com/png/165916-200.png,creative-commons-attribution,poet by Carlos Dias from Noun Project
спасибо,"thanks, thank you",https://static.thenounproject.com/png/299256-200.png,creative-commons-attribution,thanks by Ariel Kotzer from Noun Project
надежда,hope,https://static.thenounproject.com/png/26346-200.png,creative-commons-attribution,hope by Leonard Ellom Quist from Noun Project
литература,literature,https://static.thenounproject.com/png/99340-200.png,creative-commons-attribution,literature by Andy Selimov from Noun Project
роль,role,https://static.thenounproject.com/png/1608168-200.png,creative-commons-attribution,role by Nithinan Tatah from Noun Project
природа,nature,https://static.thenounproject.com/png/60745-200.png,creative-commons-attribution,nature by Yi Chen from Noun Project
толпа,crowd,https://static.thenounproject.com/png/31671-200.png,creative-commons-attribution,crowd by Shane Holley from Noun Project
кресло,"armchair, chair with arms",https://static.thenounproject.com/png/60093-200.png,creative-commons-attribution,armchair by Alice Mortaro from Noun Project
секунда,second,https://static.thenounproject.com/png/2977798-200.png,creative-commons-attribution,second by Agung Cahyo s from Noun Project
сапог,boot,https://static.thenounproject.com/png/556-200.png,creative-commons-attribution,Boot by Edward Boatman from Noun Project
правило,rule,https://static.thenounproject.com/png/821818-200.png,creative-commons-attribution,rule by DinosoftLab from Noun Project
дочь,daughter,https://static.thenounproject.com/png/59791-200.png,creative-commons-attribution,daughter by Snehal Patil from Noun Project
цветок,flower,https://static.thenounproject.com/png/180-200.png,creative-commons-attribution,Flower by Edward Boatman from Noun Project
дождь,rain,https://static.thenounproject.com/png/427-200.png,creative-commons-attribution,Rain by Edward Boatman from Noun Project
этаж,"floor, story",https://static.thenounproject.com/png/51470-200.png,creative-commons-attribution,Floor by mara julieta G. from Noun Project
революция,revolution,https://static.thenounproject.com/png/854377-200.png,creative-commons-attribution,Revolution by Alina Oleynik from Noun Project
сестра,sister,https://static.thenounproject.com/png/1196777-200.png,creative-commons-attribution,sister by goyacommae from Noun Project
ситуация,situation,https://static.thenounproject.com/png/3858016-200.png,creative-commons-attribution,situation by WEBTECHOPS LLP from Noun Project
совет,"advice, counsel",https://static.thenounproject.com/png/128440-200.png,creative-commons-attribution,advice by Michael Finney from Noun Project
дурак,"fool, idiot",https://static.thenounproject.com/png/817784-200.png,creative-commons-attribution,fool by Ben Davis from Noun Project
лето,summer,https://static.thenounproject.com/png/15287-200.png,creative-commons-attribution,Summer by Paige Gilson from Noun Project
цвет,color,https://static.thenounproject.com/png/24950-200.png,creative-commons-attribution,color by Christopher T. Howlett from Noun Project
свобода,freedom,https://static.thenounproject.com/png/26343-200.png,creative-commons-attribution,freedom by Leonard Ellom Quist from Noun Project
стул,chair,https://static.thenounproject.com/png/1393-200.png,creative-commons-attribution,Chair by Sofie Hauge Katan from Noun Project
музыка,music,https://static.thenounproject.com/png/111-200.png,creative-commons-attribution,Music by Edward Boatman from Noun Project
поле,field,https://static.thenounproject.com/png/44114-200.png,creative-commons-attribution,field by Ryan Reid from Noun Project
тип,"type, sort, kind",https://static.thenounproject.com/png/60836-200.png,creative-commons-attribution,type by Marek Polakovic from Noun Project
радость,"joy, happiness",https://static.thenounproject.com/png/154219-200.png,creative-commons-attribution,joy by WARPAINT Media Inc. from Noun Project
цена,"price, cost",https://static.thenounproject.com/png/104115-200.png,creative-commons-attribution,price by Mourad Mokrane from Noun Project
правительство,government,https://static.thenounproject.com/png/40293-200.png,creative-commons-attribution,Government by Nick Abrams from Noun Project
название,"name, title (of things)",https://static.thenounproject.com/png/1736321-200.png,creative-commons-attribution,name by Xela Ub from Noun Project
пример,example,https://static.thenounproject.com/png/624768-200.png,creative-commons-attribution,example by Chris Homan from Noun Project
бабушка,"grandmother, grandma, old lady",https://static.thenounproject.com/png/59790-200.png,creative-commons-attribution,grandmother by Snehal Patil from Noun Project
вино,wine,https://static.thenounproject.com/png/332-200.png,creative-commons-attribution,Wine by Edward Boatman from Noun Project
папа,"dad, daddy, papa, father",https://static.thenounproject.com/png/63386-200.png,creative-commons-attribution,dad by Tomek Wołoszyn from Noun Project
птица,bird,https://static.thenounproject.com/png/5935-200.png,creative-commons-attribution,Bird by Bram van Rijen from Noun Project
зима,winter,https://static.thenounproject.com/png/62575-200.png,creative-commons-attribution,Winter by Yazmin Alanis from Noun Project
километр,kilometer,https://static.thenounproject.com/png/14694-200.png,creative-commons-attribution,Road by Erbil Sivaslioglu from Noun Project
детство,childhood,https://static.thenounproject.com/png/3036572-200.png,creative-commons-attribution,childhood by Viral faisalovers from Noun Project
остров,island,https://static.thenounproject.com/png/16711-200.png,creative-commons-attribution,island by Bohdan Burmich from Noun Project
статья,article,https://static.thenounproject.com/png/2754-200.png,creative-commons-attribution,article by P.J. Onori from Noun Project
водка,vodka,https://static.thenounproject.com/png/171483-200.png,creative-commons-attribution,vodka by Andrey Vasiliev from Noun Project
станция,station,https://static.thenounproject.com/png/209496-200.png,creative-commons-attribution,station by Guillaume Duchayne from Noun Project
команда,team,https://static.thenounproject.com/png/1016-200.png,creative-commons-attribution,team by Luke Anthony Firth from Noun Project
район,"neighborhood, area",https://static.thenounproject.com/png/12236-200.png,creative-commons-attribution,neighborhood by MRFA from Noun Project
знак,"sign, symbol, character",https://static.thenounproject.com/png/10641-200.png,creative-commons-attribution,Sign by Alex Fuller from Noun Project
стакан,"glass, cup",https://static.thenounproject.com/png/7164-200.png,creative-commons-attribution,glass by Renee Ramsey-Passmore from Noun Project
рот,mouth,https://static.thenounproject.com/png/29758-200.png,creative-commons-attribution,mouth by roger castillejo olan from Noun Project
пора,"time, it’s time to",https://static.thenounproject.com/png/6731-200.png,creative-commons-attribution,Time by Richard de Vos from Noun Project
одежда,"clothes, clothing",https://static.thenounproject.com/png/16913-200.png,creative-commons-attribution,Clothes by Timur Zima from Noun Project
тема,"theme, topic, the old information in a sentence",https://static.thenounproject.com/png/396505-200.png,creative-commons-attribution,theme by icon 54 from Noun Project
искусство,art,https://static.thenounproject.com/png/33010-200.png,creative-commons-attribution,Art by anson nguyen from Noun Project
здание,building,https://static.thenounproject.com/png/921-200.png,creative-commons-attribution,building by Benoît Champy from Noun Project
ужас,"terror, horror",https://static.thenounproject.com/png/652022-200.png,creative-commons-attribution,terror by corpus delicti from Noun Project
материал,material,https://static.thenounproject.com/png/8443-200.png,creative-commons-attribution,Material by Arthur Schmitt from Noun Project
шум,noise,https://static.thenounproject.com/png/189851-200.png,creative-commons-attribution,noise by Philipp Lehmann from Noun Project
тетя,aunt,https://static.thenounproject.com/png/2809313-200.png,creative-commons-attribution,aunt by Erik Arndt from Noun Project
доллар,dollar,https://static.thenounproject.com/png/4037-200.png,creative-commons-attribution,dollar by Ugur Akdemir from Noun Project
инженер,engineer,https://static.thenounproject.com/png/21347-200.png,creative-commons-attribution,engineer by Yarden Gilboa from Noun Project
программа,program,https://static.thenounproject.com/png/106453-200.png,creative-commons-attribution,program by Juan Pablo Bravo from Noun Project
костюм,"suit, costume",https://static.thenounproject.com/png/4616-200.png,creative-commons-attribution,suit by A M from Noun Project
журнал,magazine,https://static.thenounproject.com/png/6113-200.png,creative-commons-attribution,magazine by Thomas Le Bas from Noun Project
стихи,"verse, poem, poetry",https://static.thenounproject.com/png/4344500-200.png,creative-commons-attribution,verse by Jordy Madueño from Noun Project
ключ,key,https://static.thenounproject.com/png/311-200.png,creative-commons-attribution,Key by Edward Boatman from Noun Project
черт,devil,https://static.thenounproject.com/png/5831-200.png,creative-commons-attribution,Devil by Luis Prado from Noun Project
культура,culture,https://static.thenounproject.com/png/568858-200.png,creative-commons-attribution,Culture by Luka Purgar from Noun Project
фильм,"film, movie",https://static.thenounproject.com/png/120-200.png,creative-commons-attribution,Film by Edward Boatman from Noun Project
труба,"pipe, duct, trumpet",https://static.thenounproject.com/png/1496-200.png,creative-commons-attribution,pipe by Iconic from Noun Project
весна,spring,https://static.thenounproject.com/png/9430-200.png,creative-commons-attribution,spring by Alex Muir from Noun Project
обед,"lunch, dinner, main meal of day, formal meal",https://static.thenounproject.com/png/19158-200.png,creative-commons-attribution,lunch by Ainsley Wagoner from Noun Project
значение,"meaning, significance",https://static.thenounproject.com/png/45188-200.png,creative-commons-attribution,Information by Luis Prado from Noun Project
фотография,"photograph, photo, picture",https://static.thenounproject.com/png/43737-200.png,creative-commons-attribution,Photograph by Joey Golaw from Noun Project
успех,success,https://static.thenounproject.com/png/148445-200.png,creative-commons-attribution,success by Lil Squid from Noun Project
Германия,Germany,https://static.thenounproject.com/png/10254-200.png,creative-commons-attribution,germany by Maximilian Becker from Noun Project
фирма,"firm, company, business",https://static.thenounproject.com/png/1383294-200.png,creative-commons-attribution,firm by Vectors Market from Noun Project
организация,organization,https://static.thenounproject.com/png/111847-200.png,creative-commons-attribution,organization by Nick Abrams from Noun Project
ошибка,mistake,https://static.thenounproject.com/png/1890837-200.png,creative-commons-attribution,mistake by Alice Design from Noun Project
фраза,phrase,https://static.thenounproject.com/png/3858359-200.png,creative-commons-attribution,phrase by WEBTECHOPS LLP from Noun Project
рынок,"market, farmer’s market",https://static.thenounproject.com/png/120088-200.png,creative-commons-attribution,market by gzz from Noun Project
шутка,joke,https://static.thenounproject.com/png/30623-200.png,creative-commons-attribution,joke by Myles McCoy from Noun Project
родина,"homeland, native land, fatherland",https://static.thenounproject.com/png/223315-200.png,creative-commons-attribution,Hungary flag by Xinh Studio from Noun Project
страница,page,https://static.thenounproject.com/png/50819-200.png,creative-commons-attribution,page by Richard Schumann from Noun Project
секретарь,"secretary, administrative assistant",https://static.thenounproject.com/png/40144-200.png,creative-commons-attribution,secretary by Wojciech Zasina from Noun Project
Америка,"America, USA, US",https://static.thenounproject.com/png/16699-200.png,creative-commons-attribution,America by Bohdan Burmich from Noun Project
сигарета,cigarette,https://static.thenounproject.com/png/11818-200.png,creative-commons-attribution,Cigarette by Sebastian Langer from Noun Project
пиво,beer,https://static.thenounproject.com/png/593-200.png,creative-commons-attribution,Beer by Edward Boatman from Noun Project
продукт,groceries,https://static.thenounproject.com/png/301098-200.png,creative-commons-attribution,groceries by Giuditta Valentina Gentile from Noun Project
книжка,"booklet, little book, book (dim.)",https://static.thenounproject.com/png/1849-200.png,creative-commons-attribution,Booklet by Dara Ullrich from Noun Project
диван,"couch, sofa",https://static.thenounproject.com/png/10737-200.png,creative-commons-attribution,Couch by Nathan Thomson from Noun Project
кошка,cat,https://static.thenounproject.com/png/840-200.png,creative-commons-attribution,Cat by Marie Coons from Noun Project
Европа,Europe,https://static.thenounproject.com/png/1563-200.png,creative-commons-attribution,europe by Thibault Geffroy from Noun Project
планета,planet,https://static.thenounproject.com/png/792-200.png,creative-commons-attribution,Planet by Toke Frello from Noun Project
доска,"chalkboard, board",https://static.thenounproject.com/png/5458-200.png,creative-commons-attribution,Chalkboard by Vitor Levi da Silveira from Noun Project
актер,actor,https://static.thenounproject.com/png/1547-200.png,creative-commons-attribution,Actor by Jonathan C. Dietrich from Noun Project
потолок,ceiling,https://static.thenounproject.com/png/280883-200.png,creative-commons-attribution,ceiling by YuguDesign from Noun Project
постель,"bed, bedding (sheets and blankets)",https://static.thenounproject.com/png/1072-200.png,creative-commons-attribution,Bed by Christopher T. Howlett from Noun Project
сумка,"bag, purse, handbag",https://static.thenounproject.com/png/11197-200.png,creative-commons-attribution,bag by John Caserta from Noun Project
праздник,"holiday, festival",https://static.thenounproject.com/png/98743-200.png,creative-commons-attribution,holiday by Theresa Berens from Noun Project
мост,bridge,https://static.thenounproject.com/png/1798-200.png,creative-commons-attribution,bridge by Chad Wimberly from Noun Project
энергия,energy,https://static.thenounproject.com/png/478-200.png,creative-commons-attribution,Energy by Edward Boatman from Noun Project
звонок,"phone call, ring (bell)",https://static.thenounproject.com/png/43829-200.png,creative-commons-attribution,phone call by Claire Jones from Noun Project
кино,"movie theater, cinema, movies",https://static.thenounproject.com/png/68827-200.png,creative-commons-attribution,movie theater by iconsmind.com from Noun Project
адрес,address,https://static.thenounproject.com/png/55488-200.png,creative-commons-attribution,Address by Richard Cordero from Noun Project
текст,"text, lyrics",https://static.thenounproject.com/png/8326-200.png,creative-commons-attribution,text by henrik lund mikkelsen from Noun Project
дедушка,"grandfather, grandpa",https://static.thenounproject.com/png/59788-200.png,creative-commons-attribution,grandfather by Snehal Patil from Noun Project
масло,"butter, oil",https://static.thenounproject.com/png/13442-200.png,creative-commons-attribution,"butter by Tom Glass, Jr. from Noun Project"
рождение,birth,https://static.thenounproject.com/png/293848-200.png,creative-commons-attribution,Birth by Marie Van den Broeck from Noun Project
песня,song,https://static.thenounproject.com/png/323184-200.png,creative-commons-attribution,song by Ivan Luiz from Noun Project
осень,"fall, autumn",https://static.thenounproject.com/png/53745-200.png,creative-commons-attribution,fall by Patrick Trouvé from Noun Project
платье,dress,https://static.thenounproject.com/png/3603-200.png,creative-commons-attribution,dress by Desbenoit from Noun Project
вход,"entrance, way in",https://static.thenounproject.com/png/2276-200.png,creative-commons-attribution,entrance by Pedro Lalli from Noun Project
ручка,"pen, hand (dim.), handle, arm (of furniture)",https://static.thenounproject.com/png/1263-200.png,creative-commons-attribution,Pen by Ethan Clark from Noun Project
хозяйка,"owner, landlady, hostess",https://static.thenounproject.com/png/545538-200.png,creative-commons-attribution,owner by Doub.co from Noun Project
дворец,palace,https://static.thenounproject.com/png/25170-200.png,creative-commons-attribution,Palace by Ana Amorim from Noun Project
урок,"lesson, class (school, general)",https://static.thenounproject.com/png/269257-200.png,creative-commons-attribution,lesson by Cagri Yurtbasi from Noun Project
поиск,search,https://static.thenounproject.com/png/9873-200.png,creative-commons-attribution,Search by Phil Goodwin from Noun Project
озеро,lake,https://static.thenounproject.com/png/16107-200.png,creative-commons-attribution,Lake by Pieter J. Smits from Noun Project
чемодан,suitcase,https://static.thenounproject.com/png/448-200.png,creative-commons-attribution,Suitcase by Edward Boatman from Noun Project
родственник,relative,https://static.thenounproject.com/png/2526265-200.png,creative-commons-attribution,relative by DailyPM from Noun Project
грязь,"dirt, mud",https://static.thenounproject.com/png/40825-200.png,creative-commons-attribution,dirt by artworkbean from Noun Project
экран,screen,https://static.thenounproject.com/png/40729-200.png,creative-commons-attribution,screen by Kaique Amorim from Noun Project
молоко,milk,https://static.thenounproject.com/png/380-200.png,creative-commons-attribution,Milk by Edward Boatman from Noun Project
предложение,"sentence, proposal, suggestion",https://static.thenounproject.com/png/684241-200.png,creative-commons-attribution,sentence by Bernar Novalyi from Noun Project
среда,"Wednesday, environment, surroundings",https://static.thenounproject.com/png/3971153-200.png,creative-commons-attribution,wednesday by Adrien Coquet from Noun Project
температура,"temperature, fever",https://static.thenounproject.com/png/177-200.png,creative-commons-attribution,Temperature by Edward Boatman from Noun Project
подарок,"gift, present",https://static.thenounproject.com/png/8944-200.png,creative-commons-attribution,Gift by Cris Dobbins from Noun Project
штука,"item, thing",https://static.thenounproject.com/png/834789-200.png,creative-commons-attribution,item by DinosoftLab from Noun Project
дача,"country house, dacha",https://static.thenounproject.com/png/281403-200.png,creative-commons-attribution,country house by Vectors Market from Noun Project
портрет,portrait,https://static.thenounproject.com/png/10639-200.png,creative-commons-attribution,portrait by Alex Fuller from Noun Project
шкаф,"cabinet, wardrobe, shelving unit",https://static.thenounproject.com/png/34011-200.png,creative-commons-attribution,Cabinet by Mister Pixel from Noun Project
куртка,"jacket, coat (light or heavy, but short in length)",https://static.thenounproject.com/png/1556-200.png,creative-commons-attribution,Jacket by Toni Valdés Medina from Noun Project
Париж,Paris,https://static.thenounproject.com/png/36683-200.png,creative-commons-attribution,Paris by Fabien Jouin from Noun Project
рубашка,"button-down shirt, men's shirt",https://static.thenounproject.com/png/709617-200.png,creative-commons-attribution,Button Down Shirt by Aleksandra Susnica from Noun Project
шапка,"cap, hat (like a warm winter hat)",https://static.thenounproject.com/png/1179-200.png,creative-commons-attribution,Cap by Olivier Guin from Noun Project
журналист,journalist,https://static.thenounproject.com/png/535374-200.png,creative-commons-attribution,journalist by Bonegolem from Noun Project
подъезд,"entryway, entrance (to an apartment building)",https://static.thenounproject.com/png/2993190-200.png,creative-commons-attribution,entryway by Rahmat Hidayat from Noun Project
середина,middle,https://static.thenounproject.com/png/101508-200.png,creative-commons-attribution,middle by Muneer A.Safiah from Noun Project
разница,difference,https://static.thenounproject.com/png/118155-200.png,creative-commons-attribution,difference by Ribbla Team from Noun Project
политика,"politics, policy",https://static.thenounproject.com/png/150137-200.png,creative-commons-attribution,politics by Lilit Kalachyan from Noun Project
теория,theory,https://static.thenounproject.com/png/2300636-200.png,creative-commons-attribution,theory by Made x Made from Noun Project
выбор,"choice, selection (sg)",https://static.thenounproject.com/png/86701-200.png,creative-commons-attribution,choice by Kirill Ulitin from Noun Project
пиджак,"blazer, sportscoat",https://static.thenounproject.com/png/58178-200.png,creative-commons-attribution,blazer by Ben Biondo from Noun Project
тарелка,plate,https://static.thenounproject.com/png/1059-200.png,creative-commons-attribution,Plate by Asia Smolonska from Noun Project
подруга,"girlfriend, female friend",https://static.thenounproject.com/png/320976-200.png,creative-commons-attribution,Girlfriend by lastspark from Noun Project
техника,"technology, technological equipment",https://static.thenounproject.com/png/77536-200.png,creative-commons-attribution,Technology by Chris Keithley from Noun Project
дочка,daughter,https://static.thenounproject.com/png/59791-200.png,creative-commons-attribution,daughter by Snehal Patil from Noun Project
проект,project,https://static.thenounproject.com/png/21345-200.png,creative-commons-attribution,Project by Kevin Laity from Noun Project
паспорт,passport,https://static.thenounproject.com/png/4724-200.png,creative-commons-attribution,Passport by Catia Marsh Mallow from Noun Project
коллега,colleague,https://static.thenounproject.com/png/1217086-200.png,creative-commons-attribution,colleague by Made by Made from Noun Project
коммунист,communist,https://static.thenounproject.com/png/1721368-200.png,creative-commons-attribution,communist by P Thanga Vignesh from Noun Project
просьба,request,https://static.thenounproject.com/png/540038-200.png,creative-commons-attribution,request by Gregor Cresnar from Noun Project
полчаса,half hour,https://static.thenounproject.com/png/237544-200.png,creative-commons-attribution,half hour by icon 54 from Noun Project
сказка,fairy tale,https://static.thenounproject.com/png/629801-200.png,creative-commons-attribution,fairy tale by MRFA from Noun Project
молодец,"good job, smart fellow",https://static.thenounproject.com/png/1294509-200.png,creative-commons-attribution,good job by Maxim Basinski from Noun Project
океан,ocean,https://static.thenounproject.com/png/155793-200.png,creative-commons-attribution,Ocean by Ema Dimitrova from Noun Project
пачка,"pack, packet, bag",https://static.thenounproject.com/png/100426-200.png,creative-commons-attribution,pack by Martin Vanco from Noun Project
поездка,trip,https://static.thenounproject.com/png/260650-200.png,creative-commons-attribution,trip by Xinh Studio from Noun Project
август,August,https://static.thenounproject.com/png/191330-200.png,creative-commons-attribution,Summer by Jason Gray from Noun Project
брюки,pants,https://static.thenounproject.com/png/3310-200.png,creative-commons-attribution,pants by Maurizio Fusillo from Noun Project
пальто,"coat, trenchcoat, long coat, overcoat",https://static.thenounproject.com/png/3317-200.png,creative-commons-attribution,coat by Maurizio Fusillo from Noun Project
экономика,"economics, economy",https://static.thenounproject.com/png/615480-200.png,creative-commons-attribution,economics by Davo Sime from Noun Project
талант,talent,https://static.thenounproject.com/png/649048-200.png,creative-commons-attribution,talent by MRFA from Noun Project
канал,"channel, canal",https://static.thenounproject.com/png/342343-200.png,creative-commons-attribution,channel by S Madsen from Noun Project
октябрь,October,https://static.thenounproject.com/png/2212177-200.png,creative-commons-attribution,october by Made from Noun Project
храм,"temple, church, cathedral",https://static.thenounproject.com/png/2364-200.png,creative-commons-attribution,temple by Tucker Bucker from Noun Project
корпус,"building, unit (of a multi-unit apartment complex)",https://static.thenounproject.com/png/921-200.png,creative-commons-attribution,building by Benoît Champy from Noun Project
компьютер,computer,https://static.thenounproject.com/png/115-200.png,creative-commons-attribution,Computer by Edward Boatman from Noun Project
секрет,secret,https://static.thenounproject.com/png/71679-200.png,creative-commons-attribution,Secret by iconsmind.com from Noun Project
привет,"greetings, hi",https://static.thenounproject.com/png/18492-200.png,creative-commons-attribution,Greetings by Edward Boatman from Noun Project
профессия,"profession, job",https://static.thenounproject.com/png/751401-200.png,creative-commons-attribution,profession by zidney from Noun Project
старушка,old woman,https://static.thenounproject.com/png/209213-200.png,creative-commons-attribution,old woman by Rodolfo Alvarez from Noun Project
гриб,mushroom,https://static.thenounproject.com/png/309-200.png,creative-commons-attribution,Mushroom by Edward Boatman from Noun Project
погода,weather,https://static.thenounproject.com/png/6495-200.png,creative-commons-attribution,weather by Mateo Zlatar from Noun Project
Израиль,Israel,https://static.thenounproject.com/png/22316-200.png,creative-commons-attribution,israel by Vincens von Bibra from Noun Project
ложка,spoon,https://static.thenounproject.com/png/341-200.png,creative-commons-attribution,Spoon by Edward Boatman from Noun Project
баня,"bath, bathhouse, sauna",https://static.thenounproject.com/png/26805-200.png,creative-commons-attribution,Bath by Kristin McPeak from Noun Project
ужин,"dinner, supper, light evening meal",https://static.thenounproject.com/png/18211-200.png,creative-commons-attribution,dinner by Edward Boatman from Noun Project
март,March,https://static.thenounproject.com/png/3466853-200.png,creative-commons-attribution,march by Artileri Icon from Noun Project
инструмент,"instrument, tool",https://static.thenounproject.com/png/294495-200.png,creative-commons-attribution,instrument by Vectors Market from Noun Project
задание,"assignment, task",https://static.thenounproject.com/png/51139-200.png,creative-commons-attribution,Assignment by Laurène Smith from Noun Project
отдых,"rest, relaxation",https://static.thenounproject.com/png/111500-200.png,creative-commons-attribution,rest by gzz from Noun Project
яблоко,apple,https://static.thenounproject.com/png/640-200.png,creative-commons-attribution,Apple by Edward Boatman from Noun Project
путешествие,"travel, journey",https://static.thenounproject.com/png/8224-200.png,creative-commons-attribution,Travel by Lemon Liu from Noun Project
традиция,tradition,https://static.thenounproject.com/png/3857021-200.png,creative-commons-attribution,tradition by WEBTECHOPS LLP from Noun Project
Франция,France,https://static.thenounproject.com/png/5536-200.png,creative-commons-attribution,France by Olivier Guin from Noun Project
американец,American,https://static.thenounproject.com/png/589998-200.png,creative-commons-attribution,American by Hea Poh Lin from Noun Project
яйцо,egg,https://static.thenounproject.com/png/686-200.png,creative-commons-attribution,Egg by Edward Boatman from Noun Project
тетка,"lady, woman (coll.)",https://static.thenounproject.com/png/136719-200.png,creative-commons-attribution,Lady by Peacock Dream from Noun Project
деталь,detail,https://static.thenounproject.com/png/408474-200.png,creative-commons-attribution,detail by Viktor Vorobyev from Noun Project
контакт,contact,https://static.thenounproject.com/png/6380-200.png,creative-commons-attribution,contact by Johan H. W. Basberg from Noun Project
шеф,boss,https://static.thenounproject.com/png/30891-200.png,creative-commons-attribution,boss by Артур Абт from Noun Project
Петербург,Petersburg,https://static.thenounproject.com/png/543298-200.png,creative-commons-attribution,St-Petersburg by icon 54 from Noun Project
Санкт-Петербург,St. Petersburg,https://static.thenounproject.com/png/1075004-200.png,creative-commons-attribution,St. Petersburg by Befoolish from Noun Project
гений,genius,https://static.thenounproject.com/png/55846-200.png,creative-commons-attribution,genius by Daniele Catalanotto from Noun Project
передача,"broadcast, program, show",https://static.thenounproject.com/png/65531-200.png,creative-commons-attribution,broadcast by Hello Many from Noun Project
декабрь,December,https://static.thenounproject.com/png/1392765-200.png,creative-commons-attribution,december by mungang kim from Noun Project
лук,onion,https://static.thenounproject.com/png/2334-200.png,creative-commons-attribution,onion by Jakob Vogel from Noun Project
лаборатория,"lab, laboratory",https://static.thenounproject.com/png/98677-200.png,creative-commons-attribution,lab by Bin Hur from Noun Project
ноябрь,November,https://static.thenounproject.com/png/2508258-200.png,creative-commons-attribution,november by Jonathan Bellamy from Noun Project
лев,lion,https://static.thenounproject.com/png/10419-200.png,creative-commons-attribution,Lion by Arturo Alejandro Romo Escartin from Noun Project
стиль,style,https://static.thenounproject.com/png/1066271-200.png,creative-commons-attribution,style by DinosoftLab from Noun Project
май,May,https://static.thenounproject.com/png/148423-200.png,creative-commons-attribution,Melolontha by Arthur Shlain from Noun Project
сентябрь,September,https://static.thenounproject.com/png/28335-200.png,creative-commons-attribution,Labor Day by Amos Meron from Noun Project
завтрак,breakfast,https://static.thenounproject.com/png/10649-200.png,creative-commons-attribution,Breakfast by Natalie Doud from Noun Project
альбом,album,https://static.thenounproject.com/png/7233-200.png,creative-commons-attribution,Album by Taulant Sulko from Noun Project
концерт,concert,https://static.thenounproject.com/png/152418-200.png,creative-commons-attribution,concert by Massimiliano Mauro from Noun Project
модель,"model, example",https://static.thenounproject.com/png/37783-200.png,creative-commons-attribution,model by Claire Jones from Noun Project
возвращение,return,https://static.thenounproject.com/png/56314-200.png,creative-commons-attribution,return by Arthur Shlain from Noun Project
идиот,idiot,https://static.thenounproject.com/png/770852-200.png,creative-commons-attribution,idiot by Gregor Cresnar from Noun Project
лекция,lecture,https://static.thenounproject.com/png/55263-200.png,creative-commons-attribution,lecture by Peter Hayward from Noun Project
республика,republic,https://static.thenounproject.com/png/430924-200.png,creative-commons-attribution,republic by Clément Payot from Noun Project
портфель,briefcase,https://static.thenounproject.com/png/401-200.png,creative-commons-attribution,Briefcase by Edward Boatman from Noun Project
виза,visa,https://static.thenounproject.com/png/348531-200.png,creative-commons-attribution,Visa by Nakul Dhaka from Noun Project
карандаш,pencil,https://static.thenounproject.com/png/347-200.png,creative-commons-attribution,Pencil by Edward Boatman from Noun Project
принц,prince,https://static.thenounproject.com/png/441288-200.png,creative-commons-attribution,prince by Einxel Reyes from Noun Project
иностранец,foreigner,https://static.thenounproject.com/png/1034015-200.png,creative-commons-attribution,foreigner by Gan Khoon Lay from Noun Project
галстук,"tie, necktie",https://static.thenounproject.com/png/409-200.png,creative-commons-attribution,Tie by Edward Boatman from Noun Project
скандал,"scandal, row (Br)",https://static.thenounproject.com/png/28198-200.png,creative-commons-attribution,Document Leak by Dan Hetteix from Noun Project
дура,"fool, idiot",https://static.thenounproject.com/png/817784-200.png,creative-commons-attribution,fool by Ben Davis from Noun Project
агент,agent,https://static.thenounproject.com/png/86257-200.png,creative-commons-attribution,agent by Iris Li from Noun Project
январь,January,https://static.thenounproject.com/png/28328-200.png,creative-commons-attribution,New Year's Day by Amos Meron from Noun Project
свидание,"date, meeting",https://static.thenounproject.com/png/43212-200.png,creative-commons-attribution,date by iconoci from Noun Project
кролик,rabbit,https://static.thenounproject.com/png/1967-200.png,creative-commons-attribution,Rabbit by Gina Rafaella Furnari from Noun Project
политик,politician,https://static.thenounproject.com/png/24402-200.png,creative-commons-attribution,politician by Benoît Champy from Noun Project
мода,"fashion, style",https://static.thenounproject.com/png/79150-200.png,creative-commons-attribution,fashion by Vicons Design from Noun Project
июнь,June,https://static.thenounproject.com/png/191330-200.png,creative-commons-attribution,Summer by Jason Gray from Noun Project
музыкант,musician,https://static.thenounproject.com/png/12415-200.png,creative-commons-attribution,musician by Sebastian Langer from Noun Project
экзамен,"test, exam",https://static.thenounproject.com/png/84093-200.png,creative-commons-attribution,test by ChangHoon Baek from Noun Project
скамейка,"bench, park bench",https://static.thenounproject.com/png/7219-200.png,creative-commons-attribution,bench by Creatorid'immagine from Noun Project
сахар,sugar,https://static.thenounproject.com/png/2335-200.png,creative-commons-attribution,sugar by Jakob Vogel from Noun Project
социализм,socialism,https://static.thenounproject.com/png/3310527-200.png,creative-commons-attribution,socialism by Azam Ishaq from Noun Project
туалет,"restroom, toilet",https://static.thenounproject.com/png/94429-200.png,creative-commons-attribution,Restroom by Janina Aritao from Noun Project
оценка,"grade, mark, assessment",https://static.thenounproject.com/png/39005-200.png,creative-commons-attribution,grade by Ben Markoch from Noun Project
цивилизация,civilization,https://static.thenounproject.com/png/2581939-200.png,creative-commons-attribution,civilization by Eucalyp from Noun Project
колбаса,sausage,https://static.thenounproject.com/png/4135-200.png,creative-commons-attribution,Sausage by Jacob Halton from Noun Project
каша,"kasha, hot cereal",https://static.thenounproject.com/png/102153-200.png,creative-commons-attribution,rice by Mourad Mokrane from Noun Project
турист,tourist,https://static.thenounproject.com/png/12751-200.png,creative-commons-attribution,tourist by Javier Cabezas from Noun Project
блюдо,"dish, course (entree or dishes)",https://static.thenounproject.com/png/35826-200.png,creative-commons-attribution,dish by Mister Pixel from Noun Project
демократия,democracy,https://static.thenounproject.com/png/26330-200.png,creative-commons-attribution,democracy by Leonard Ellom Quist from Noun Project
носок,sock,https://static.thenounproject.com/png/1047-200.png,creative-commons-attribution,Sock by Proletkult Graphik from Noun Project
Китай,China,https://static.thenounproject.com/png/1968-200.png,creative-commons-attribution,China by Luke Anthony Firth from Noun Project
суббота,Saturday,https://static.thenounproject.com/png/3971155-200.png,creative-commons-attribution,saturday by Adrien Coquet from Noun Project
воскресенье,Sunday,https://static.thenounproject.com/png/2007435-200.png,creative-commons-attribution,sunday by Linker from Noun Project
Корея,Korea,https://static.thenounproject.com/png/40836-200.png,creative-commons-attribution,korea by gira Park from Noun Project
рисунок,drawing,https://static.thenounproject.com/png/3103-200.png,creative-commons-attribution,drawing by Daniel Shannon from Noun Project
плюс,plus,https://static.thenounproject.com/png/950-200.png,creative-commons-attribution,Plus by Andre from Noun Project
транспорт,"transport, transportation",https://static.thenounproject.com/png/344037-200.png,creative-commons-attribution,transport by Amandine Vandesteene from Noun Project
чашка,"cup, teacup",https://static.thenounproject.com/png/1163-200.png,creative-commons-attribution,Cup by Brandon Hopkins from Noun Project
спектакль,"show, performance",https://static.thenounproject.com/png/111436-200.png,creative-commons-attribution,show by gzz from Noun Project
сок,juice,https://static.thenounproject.com/png/15828-200.png,creative-commons-attribution,juice by Joe Harrison from Noun Project
майка,"tank top, sleeveless t-shirt",https://static.thenounproject.com/png/8319-200.png,creative-commons-attribution,Tank Top by Uriel Sosa from Noun Project
общежитие,"dorm, dormitory",https://static.thenounproject.com/png/321262-200.png,creative-commons-attribution,dorm by Ben Davis from Noun Project
физика,physics,https://static.thenounproject.com/png/24077-200.png,creative-commons-attribution,physics by Ilsur Aptukov from Noun Project
сочинение,"essay, composition",https://static.thenounproject.com/png/485557-200.png,creative-commons-attribution,essay by Gregor Cresnar from Noun Project
пляж,beach,https://static.thenounproject.com/png/19383-200.png,creative-commons-attribution,beach by Dave Larsen from Noun Project
спальня,bedroom,https://static.thenounproject.com/png/50453-200.png,creative-commons-attribution,bedroom by Chuck Spidell from Noun Project
игрушка,toy,https://static.thenounproject.com/png/142760-200.png,creative-commons-attribution,Toy by Sergey Demushkin from Noun Project
эксперимент,experiment,https://static.thenounproject.com/png/22264-200.png,creative-commons-attribution,experiment by Icons Pusher from Noun Project
Англия,England,https://static.thenounproject.com/png/6419-200.png,creative-commons-attribution,England by Luke Anthony Firth from Noun Project
адвокат,"lawyer, attorney",https://static.thenounproject.com/png/10320-200.png,creative-commons-attribution,Lawyer by Miroslav KURDOV from Noun Project
апрель,April,https://static.thenounproject.com/png/2125250-200.png,creative-commons-attribution,april by ibrandify from Noun Project
практика,practice,https://static.thenounproject.com/png/1196711-200.png,creative-commons-attribution,practice by goyacommae from Noun Project
юбка,skirt,https://static.thenounproject.com/png/3314-200.png,creative-commons-attribution,Skirt by Maurizio Fusillo from Noun Project
цирк,circus,https://static.thenounproject.com/png/3213-200.png,creative-commons-attribution,circus by Douglas Radecki from Noun Project
образец,"example, model",https://static.thenounproject.com/png/624768-200.png,creative-commons-attribution,example by Chris Homan from Noun Project
июль,July,https://static.thenounproject.com/png/61858-200.png,creative-commons-attribution,Fireworks by James Keuning from Noun Project
напиток,"drink, beverage",https://static.thenounproject.com/png/2578-200.png,creative-commons-attribution,Drink by Alessandro Suraci from Noun Project
юмор,humor,https://static.thenounproject.com/png/1279877-200.png,creative-commons-attribution,humor by Atif Arshad from Noun Project
чтение,"reading, reading selection",https://static.thenounproject.com/png/6548-200.png,creative-commons-attribution,Reading by Murat Yalcin from Noun Project
Берлин,Berlin,https://static.thenounproject.com/png/36681-200.png,creative-commons-attribution,berlin by Fabien Jouin from Noun Project
Сибирь,Siberia,https://static.thenounproject.com/png/3099793-200.png,creative-commons-attribution,Siberia by Joel Wisneski from Noun Project
интервью,interview,https://static.thenounproject.com/png/9712-200.png,creative-commons-attribution,interview by Sarah Abraham from Noun Project
гараж,garage,https://static.thenounproject.com/png/990-200.png,creative-commons-attribution,Garage by Stanislav Goncharov from Noun Project
риск,risk,https://static.thenounproject.com/png/152652-200.png,creative-commons-attribution,risk by Arthur Shlain from Noun Project
англичанин,"Englishman, Englishwoman",https://static.thenounproject.com/png/26181-200.png,creative-commons-attribution,Englishman by Daniel Turner from Noun Project
командировка,business trip,https://static.thenounproject.com/png/387429-200.png,creative-commons-attribution,business trip by Alfredo @ IconsAlfredo.com from Noun Project
КГБ,KGB,https://static.thenounproject.com/png/55173-200.png,creative-commons-attribution,Vladimir Putin by Rémi Mercier from Noun Project
прогресс,progress,https://static.thenounproject.com/png/85871-200.png,creative-commons-attribution,progress by ChangHoon Baek from Noun Project
реклама,"advertisement, commercial",https://static.thenounproject.com/png/51135-200.png,creative-commons-attribution,advertisement by Laurène Smith from Noun Project
проспект,"avenue, boulevard (wide main street)",https://static.thenounproject.com/png/1941488-200.png,creative-commons-attribution,avenue by Adrien Coquet from Noun Project
китаец,Chinese,https://static.thenounproject.com/png/24859-200.png,creative-commons-attribution,chinese by Slawek Jurczyk from Noun Project
космос,"space, outer space",https://static.thenounproject.com/png/198338-200.png,creative-commons-attribution,Space by Andrey Vasiliev from Noun Project
Италия,Italy,https://static.thenounproject.com/png/22654-200.png,creative-commons-attribution,Italy by Ted Grajeda from Noun Project
полдень,noon,https://static.thenounproject.com/png/545562-200.png,creative-commons-attribution,noon by Doub.co from Noun Project
выставка,"exhibit, exhibition",https://static.thenounproject.com/png/220933-200.png,creative-commons-attribution,exhibit by Mikhail Listopadov from Noun Project
перчатка,glove,https://static.thenounproject.com/png/16682-200.png,creative-commons-attribution,glove by Effach from Noun Project
дата,date,https://static.thenounproject.com/png/43212-200.png,creative-commons-attribution,date by iconoci from Noun Project
февраль,February,https://static.thenounproject.com/png/2753262-200.png,creative-commons-attribution,february by Zach Bogart from Noun Project
категория,category,https://static.thenounproject.com/png/6670-200.png,creative-commons-attribution,Category by Doub.co from Noun Project
биография,biography,https://static.thenounproject.com/png/95704-200.png,creative-commons-attribution,Biography by Arthur Shlain from Noun Project
Лондон,London,https://static.thenounproject.com/png/36682-200.png,creative-commons-attribution,london by Fabien Jouin from Noun Project
велосипед,"bicycle, bike",https://static.thenounproject.com/png/54-200.png,creative-commons-attribution,Bicycle by Edward Boatman from Noun Project
ванна,bathtub,https://static.thenounproject.com/png/47483-200.png,creative-commons-attribution,bathtub by Juan Pablo Bravo from Noun Project
холодильник,refrigerator,https://static.thenounproject.com/png/1859-200.png,creative-commons-attribution,Refrigerator by Dara Ullrich from Noun Project
стихотворение,poem,https://static.thenounproject.com/png/1752991-200.png,creative-commons-attribution,poem by Turkkub from Noun Project
килограмм,kilogram,https://static.thenounproject.com/png/2187737-200.png,creative-commons-attribution,kilogram by Hassan ali from Noun Project
чайник,"teapot, tea kettle",https://static.thenounproject.com/png/678-200.png,creative-commons-attribution,Teapot by Edward Boatman from Noun Project
лыжа,ski,https://static.thenounproject.com/png/8097-200.png,creative-commons-attribution,Ski by Anna Weiss from Noun Project
фрукт,fruit,https://static.thenounproject.com/png/5226-200.png,creative-commons-attribution,Fruit by Mike Rowe from Noun Project
администрация,administration,https://static.thenounproject.com/png/99475-200.png,creative-commons-attribution,Administration by Gerardo Martín Martínez from Noun Project
аппетит,appetite,https://static.thenounproject.com/png/4416155-200.png,creative-commons-attribution,appetite by Andre Buand from Noun Project
шпион,spy,https://static.thenounproject.com/png/29819-200.png,creative-commons-attribution,spy by Dan Hetteix from Noun Project
технология,technology,https://static.thenounproject.com/png/77536-200.png,creative-commons-attribution,Technology by Chris Keithley from Noun Project
незнакомец,stranger,https://static.thenounproject.com/png/168599-200.png,creative-commons-attribution,stranger by Matt Wasser from Noun Project
эпизод,"episode, event",https://static.thenounproject.com/png/3536466-200.png,creative-commons-attribution,episode by IconMark from Noun Project
диск,"disk, CD, compact disc",https://static.thenounproject.com/png/132743-200.png,creative-commons-attribution,disk by Creative Stall from Noun Project
елка,"fir tree, Christmas tree",https://static.thenounproject.com/png/592620-200.png,creative-commons-attribution,fir-tree by Anatoly Dudko from Noun Project
француз,"Frenchman, Frenchwoman",https://static.thenounproject.com/png/23997-200.png,creative-commons-attribution,Frenchman by Gerda More from Noun Project
капуста,cabbage,https://static.thenounproject.com/png/19743-200.png,creative-commons-attribution,Cabbage by Artur Shageyev from Noun Project
пропаганда,propaganda,https://static.thenounproject.com/png/2014024-200.png,creative-commons-attribution,propaganda by Nithinan Tatah from Noun Project
официант,waiter,https://static.thenounproject.com/png/12421-200.png,creative-commons-attribution,Waiter by Sebastian Langer from Noun Project
школьник,school student,https://static.thenounproject.com/png/2588923-200.png,creative-commons-attribution,SCHOOL STUDENT by popcornarts from Noun Project
Япония,Japan,https://static.thenounproject.com/png/4499-200.png,creative-commons-attribution,Japan by James Christopher from Noun Project
специальность,"specialty, major",https://static.thenounproject.com/png/57595-200.png,creative-commons-attribution,Doctor by Yazmin Alanis from Noun Project
буфет,"snack bar, concessions, buffet",https://static.thenounproject.com/png/37830-200.png,creative-commons-attribution,Snack Bar by Rafael Farias Leão from Noun Project
серия,series,https://static.thenounproject.com/png/647165-200.png,creative-commons-attribution,series by Federico Panzano from Noun Project
копия,copy,https://static.thenounproject.com/png/7996-200.png,creative-commons-attribution,copy by Piotrek Chuchla from Noun Project
приглашение,invitation,https://static.thenounproject.com/png/41847-200.png,creative-commons-attribution,invitation by hunotika from Noun Project
философия,philosophy,https://static.thenounproject.com/png/111963-200.png,creative-commons-attribution,philosophy by William Murillo from Noun Project
мышь,mouse,https://static.thenounproject.com/png/890-200.png,creative-commons-attribution,Mouse by Camila Bertoco from Noun Project
учебник,textbook,https://static.thenounproject.com/png/310187-200.png,creative-commons-attribution,textbook by Creative Stall from Noun Project
котенок,kitten,https://static.thenounproject.com/png/213439-200.png,creative-commons-attribution,Kitten by Elena Rimeikaite from Noun Project
эмоция,emotion,https://static.thenounproject.com/png/137783-200.png,creative-commons-attribution,emotion by Dmitry Kudinov from Noun Project
тройка,"C, grade of C, a three, three-piece suit, troika",https://static.thenounproject.com/png/602653-200.png,creative-commons-attribution,C by Viktor Vorobyev from Noun Project
мяч,ball,https://static.thenounproject.com/png/10516-200.png,creative-commons-attribution,Ball by Alex Fuller from Noun Project
философ,philosopher,https://static.thenounproject.com/png/1035-200.png,creative-commons-attribution,Philosopher by Saneef Ansari from Noun Project
поэзия,poetry,https://static.thenounproject.com/png/128355-200.png,creative-commons-attribution,Poetry by Cristiano Zoucas from Noun Project
огурец,cucumber,https://static.thenounproject.com/png/16090-200.png,creative-commons-attribution,Cucumber by Ashwini Sukhdeve from Noun Project
партнер,partner,https://static.thenounproject.com/png/197031-200.png,creative-commons-attribution,Partner by Amandine Vandesteene from Noun Project
грамм,gram,https://static.thenounproject.com/png/108684-200.png,creative-commons-attribution,Camera by Arthur Shlain from Noun Project
капитализм,capitalism,https://static.thenounproject.com/png/83620-200.png,creative-commons-attribution,capitalism by Luis Prado from Noun Project
икра,caviar,https://static.thenounproject.com/png/1130883-200.png,creative-commons-attribution,Caviar by Ben Davis from Noun Project
историк,historian,https://static.thenounproject.com/png/856527-200.png,creative-commons-attribution,historian by corpus delicti from Noun Project
медсестра,nurse,https://static.thenounproject.com/png/20058-200.png,creative-commons-attribution,Nurse by Ajay Boga from Noun Project
японец,Japanese,https://static.thenounproject.com/png/24875-200.png,creative-commons-attribution,japanese by Slawek Jurczyk from Noun Project
плакат,"poster, placard",https://static.thenounproject.com/png/2167-200.png,creative-commons-attribution,Poster by Deadtype from Noun Project
понедельник,Monday,https://static.thenounproject.com/png/656208-200.png,creative-commons-attribution,monday by Christopher Rudnick from Noun Project
Польша,Poland,https://static.thenounproject.com/png/5538-200.png,creative-commons-attribution,Poland by Olivier Guin from Noun Project
конфета,"piece of candy, candy, sweets",https://static.thenounproject.com/png/73946-200.png,creative-commons-attribution,candy by Norbert Kucsera from Noun Project
религия,religion,https://static.thenounproject.com/png/2353-200.png,creative-commons-attribution,Religion by Renee Ramsey-Passmore from Noun Project
груша,pear,https://static.thenounproject.com/png/651-200.png,creative-commons-attribution,Pear by Edward Boatman from Noun Project
неправда,"untruth, lie",https://static.thenounproject.com/png/2947941-200.png,creative-commons-attribution,Lie by Pavel Melnikov from Noun Project
регион,region,https://static.thenounproject.com/png/402066-200.png,creative-commons-attribution,region by Yu luck from Noun Project
ссылка,"link, reference",https://static.thenounproject.com/png/1660-200.png,creative-commons-attribution,link by Andrew Fortnum from Noun Project
мед,honey,https://static.thenounproject.com/png/11872-200.png,creative-commons-attribution,honey by Christopher T. Howlett from Noun Project
перец,pepper,https://static.thenounproject.com/png/710-200.png,creative-commons-attribution,Pepper by Edward Boatman from Noun Project
принцесса,princess,https://static.thenounproject.com/png/76302-200.png,creative-commons-attribution,princess by Blaise Sewell from Noun Project
демократ,democrat,https://static.thenounproject.com/png/26092-200.png,creative-commons-attribution,democrat by Yi Chen from Noun Project
факультет,"division, department (usually larger unit in university)",https://static.thenounproject.com/png/36410-200.png,creative-commons-attribution,division by Vicons Design from Noun Project
интернет,internet,https://static.thenounproject.com/png/3067-200.png,creative-commons-attribution,internet by Fernando Vasconcelos from Noun Project
алкоголь,alcohol,https://static.thenounproject.com/png/1716-200.png,creative-commons-attribution,alcohol by Julia Söderberg from Noun Project
актриса,actress,https://static.thenounproject.com/png/806556-200.png,creative-commons-attribution,actress by IconfactoryTeam from Noun Project
математика,"math, mathematics",https://static.thenounproject.com/png/36406-200.png,creative-commons-attribution,Math by Vicons Design from Noun Project
сыр,cheese,https://static.thenounproject.com/png/590-200.png,creative-commons-attribution,Cheese by Edward Boatman from Noun Project
учеба,studies,https://static.thenounproject.com/png/303354-200.png,creative-commons-attribution,studies by Chiara Claus from Noun Project
песенка,song,https://static.thenounproject.com/png/323184-200.png,creative-commons-attribution,song by Ivan Luiz from Noun Project
федерация,federation,https://static.thenounproject.com/png/3338098-200.png,creative-commons-attribution,federation by Sumit Saengthong from Noun Project
акцент,accent,https://static.thenounproject.com/png/914938-200.png,creative-commons-attribution,accent by Iconic from Noun Project
тигр,tiger,https://static.thenounproject.com/png/4459-200.png,creative-commons-attribution,Tiger by Allison Dominguez from Noun Project
аргумент,"argument, line of reasoning",https://static.thenounproject.com/png/9816-200.png,creative-commons-attribution,argument by A M from Noun Project
овощ,vegetable,https://static.thenounproject.com/png/114725-200.png,creative-commons-attribution,Vegetable by artworkbean from Noun Project
микрофон,microphone,https://static.thenounproject.com/png/171-200.png,creative-commons-attribution,Microphone by Edward Boatman from Noun Project
национальность,"nationality, ethnic origin",https://static.thenounproject.com/png/2085709-200.png,creative-commons-attribution,nationality by Adrien Coquet from Noun Project
подружка,"girlfriend, female friend (dim.)",https://static.thenounproject.com/png/320976-200.png,creative-commons-attribution,Girlfriend by lastspark from Noun Project
премьер,prime minister,https://static.thenounproject.com/png/3189342-200.png,creative-commons-attribution,prime minister by Wichai Wi from Noun Project
строитель,builder,https://static.thenounproject.com/png/129434-200.png,creative-commons-attribution,builder by Alexander Skowalsky from Noun Project
Африка,Africa,https://static.thenounproject.com/png/3354-200.png,creative-commons-attribution,africa by Bru Rakoto from Noun Project
психология,psychology,https://static.thenounproject.com/png/54040-200.png,creative-commons-attribution,psychology by Gilbert Bages from Noun Project
пятница,Friday,https://static.thenounproject.com/png/3971489-200.png,creative-commons-attribution,friday by Adrien Coquet from Noun Project
певец,singer,https://static.thenounproject.com/png/19445-200.png,creative-commons-attribution,singer by Hum from Noun Project
Австралия,Australia,https://static.thenounproject.com/png/22645-200.png,creative-commons-attribution,Australia by Ted Grajeda from Noun Project
Азия,Asia,https://static.thenounproject.com/png/16735-200.png,creative-commons-attribution,asia by Parallel Digital Studio from Noun Project
свитер,sweater,https://static.thenounproject.com/png/3316-200.png,creative-commons-attribution,Sweater by Maurizio Fusillo from Noun Project
пятерка,"A, grade of A, a five",https://static.thenounproject.com/png/323616-200.png,creative-commons-attribution,A by Alfredo @ IconsAlfredo.com from Noun Project
Испания,Spain,https://static.thenounproject.com/png/5537-200.png,creative-commons-attribution,spain by Olivier Guin from Noun Project
рояль,"piano, grand piano",https://static.thenounproject.com/png/378-200.png,creative-commons-attribution,Piano by Edward Boatman from Noun Project
композитор,composer,https://static.thenounproject.com/png/298473-200.png,creative-commons-attribution,composer by Magicon from Noun Project
аптека,"pharmacy, drugstore",https://static.thenounproject.com/png/314-200.png,creative-commons-attribution,Pharmacy by Edward Boatman from Noun Project
кепка,cap,https://static.thenounproject.com/png/1179-200.png,creative-commons-attribution,Cap by Olivier Guin from Noun Project
экскурсия,"excursion, tour",https://static.thenounproject.com/png/2558840-200.png,creative-commons-attribution,excursion by N.Style from Noun Project
Киев,Kiev,https://static.thenounproject.com/png/511389-200.png,creative-commons-attribution,Kiev by Anna Gajowiec from Noun Project
спортсмен,athlete,https://static.thenounproject.com/png/142071-200.png,creative-commons-attribution,Athlete by Creative Stall from Noun Project
официантка,waitress,https://static.thenounproject.com/png/155995-200.png,creative-commons-attribution,waitress by Katrine Kolström from Noun Project
полночь,midnight,https://static.thenounproject.com/png/716939-200.png,creative-commons-attribution,midnight by Made by Made from Noun Project
открытка,postcard,https://static.thenounproject.com/png/4565-200.png,creative-commons-attribution,postcard by A M from Noun Project
геолог,geologist,https://static.thenounproject.com/png/1974868-200.png,creative-commons-attribution,geologist by Grégory Montigny from Noun Project
кошелек,coin purse,https://static.thenounproject.com/png/159054-200.png,creative-commons-attribution,coin purse by Gregor Cresnar from Noun Project
словарь,dictionary,https://static.thenounproject.com/png/653775-200.png,creative-commons-attribution,dictionary by Oriol Sallés from Noun Project
физик,physicist,https://static.thenounproject.com/png/2444202-200.png,creative-commons-attribution,physicist by Made by Made from Noun Project
химия,chemistry,https://static.thenounproject.com/png/24029-200.png,creative-commons-attribution,Chemistry by Ilsur Aptukov from Noun Project
опера,opera,https://static.thenounproject.com/png/1341987-200.png,creative-commons-attribution,opera by Made from Noun Project
шахматы,chess,https://static.thenounproject.com/png/1403-200.png,creative-commons-attribution,Chess by Iconic from Noun Project
помидор,tomato,https://static.thenounproject.com/png/1375-200.png,creative-commons-attribution,tomato by Iconic from Noun Project
футбол,soccer,https://static.thenounproject.com/png/1572-200.png,creative-commons-attribution,soccer by Derek Britton from Noun Project
бизнесмен,"businessman, businessperson",https://static.thenounproject.com/png/27739-200.png,creative-commons-attribution,Businessman by Wilson Joseph from Noun Project
клиника,clinic,https://static.thenounproject.com/png/73165-200.png,creative-commons-attribution,clinic by iconsmind.com from Noun Project
география,geography,https://static.thenounproject.com/png/125146-200.png,creative-commons-attribution,Geography by artworkbean from Noun Project
календарь,calendar,https://static.thenounproject.com/png/404-200.png,creative-commons-attribution,Calendar by Edward Boatman from Noun Project
отметка,grade,https://static.thenounproject.com/png/39005-200.png,creative-commons-attribution,grade by Ben Markoch from Noun Project
джинсы,jeans,https://static.thenounproject.com/png/19385-200.png,creative-commons-attribution,jeans by Pranav Mote from Noun Project
киоск,"kiosk, booth",https://static.thenounproject.com/png/19309-200.png,creative-commons-attribution,kiosk by Luis Prado from Noun Project
итальянец,Italian,https://static.thenounproject.com/png/24874-200.png,creative-commons-attribution,Italian by Slawek Jurczyk from Noun Project
шашлык,"shish-kebab, kebab, grilled meat",https://static.thenounproject.com/png/4014-200.png,creative-commons-attribution,Shish Kebab by A M from Noun Project
расписание,"schedule, syllabus",https://static.thenounproject.com/png/111195-200.png,creative-commons-attribution,schedule by artworkbean from Noun Project
героиня,"heroine, (fictional) character",https://static.thenounproject.com/png/1126034-200.png,creative-commons-attribution,heroine by Santhoshram Ekambaram Narayanan from Noun Project
зонтик,umbrella,https://static.thenounproject.com/png/142-200.png,creative-commons-attribution,Umbrella by Edward Boatman from Noun Project
салат,"salad, lettuce",https://static.thenounproject.com/png/407-200.png,creative-commons-attribution,Salad by Edward Boatman from Noun Project
шоколад,chocolate,https://static.thenounproject.com/png/1721-200.png,creative-commons-attribution,Chocolate by Julia Söderberg from Noun Project
библия,Bible,https://static.thenounproject.com/png/6749-200.png,creative-commons-attribution,bible by Bruno Gätjens González from Noun Project
мел,chalk,https://static.thenounproject.com/png/203045-200.png,creative-commons-attribution,Chalk by Krista Quiroga from Noun Project
багаж,"luggage, baggage",https://static.thenounproject.com/png/28437-200.png,creative-commons-attribution,Luggage by Luis Prado from Noun Project
менеджер,manager,https://static.thenounproject.com/png/43248-200.png,creative-commons-attribution,manager by iconoci from Noun Project
четверг,Thursday,https://static.thenounproject.com/png/3971152-200.png,creative-commons-attribution,thursday by Adrien Coquet from Noun Project
кинотеатр,movie theater,https://static.thenounproject.com/png/68827-200.png,creative-commons-attribution,movie theater by iconsmind.com from Noun Project
химик,chemist,https://static.thenounproject.com/png/197769-200.png,creative-commons-attribution,chemist by P Thanga Vignesh from Noun Project
котлета,"burger, cutlet, meat patty",https://static.thenounproject.com/png/71698-200.png,creative-commons-attribution,Burger by Cagri Yurtbasi from Noun Project
торт,cake,https://static.thenounproject.com/png/557-200.png,creative-commons-attribution,Cake by Edward Boatman from Noun Project
зоопарк,zoo,https://static.thenounproject.com/png/79186-200.png,creative-commons-attribution,Zoo by Vicons Design from Noun Project
фотограф,photographer,https://static.thenounproject.com/png/17351-200.png,creative-commons-attribution,photographer by Eric Milet from Noun Project
вечеринка,party,https://static.thenounproject.com/png/98497-200.png,creative-commons-attribution,Party by Tommy Lau from Noun Project
шарф,scarf,https://static.thenounproject.com/png/3319-200.png,creative-commons-attribution,Scarf by Maurizio Fusillo from Noun Project
математик,mathematician,https://static.thenounproject.com/png/637859-200.png,creative-commons-attribution,mathematician by Gan Khoon Lay from Noun Project
Антарктида,Antarctica,https://static.thenounproject.com/png/22640-200.png,creative-commons-attribution,Antarctica by Ted Grajeda from Noun Project
певица,singer,https://static.thenounproject.com/png/19445-200.png,creative-commons-attribution,singer by Hum from Noun Project
поликлиника,clinic,https://static.thenounproject.com/png/73165-200.png,creative-commons-attribution,clinic by iconsmind.com from Noun Project
биолог,biologist,https://static.thenounproject.com/png/1512068-200.png,creative-commons-attribution,biologist by Georgiana Ionescu from Noun Project
миллионер,millionaire,https://static.thenounproject.com/png/620432-200.png,creative-commons-attribution,millionaire by Oksana Latysheva from Noun Project
афиша,"poster, playbill",https://static.thenounproject.com/png/2167-200.png,creative-commons-attribution,Poster by Deadtype from Noun Project
грипп,flu,https://static.thenounproject.com/png/1026070-200.png,creative-commons-attribution,flu by Llisole from Noun Project
вторник,Tuesday,https://static.thenounproject.com/png/3967536-200.png,creative-commons-attribution,tuesday by Adrien Coquet from Noun Project
балет,ballet,https://static.thenounproject.com/png/99385-200.png,creative-commons-attribution,ballet by Norbert Kucsera from Noun Project
физкультура,physical education,https://static.thenounproject.com/png/899284-200.png,creative-commons-attribution,physical education by Eucalyp from Noun Project
Рождество,Christmas,https://static.thenounproject.com/png/28333-200.png,creative-commons-attribution,Christmas by Amos Meron from Noun Project
сувенир,souvenir,https://static.thenounproject.com/png/1097912-200.png,creative-commons-attribution,souvenir by Ben Davis from Noun Project
пианино,"piano, upright piano",https://static.thenounproject.com/png/378-200.png,creative-commons-attribution,Piano by Edward Boatman from Noun Project
незнакомка,stranger,https://static.thenounproject.com/png/168599-200.png,creative-commons-attribution,stranger by Matt Wasser from Noun Project
статистика,statistics,https://static.thenounproject.com/png/5639-200.png,creative-commons-attribution,statistics by Convoy from Noun Project
аспирант,graduate student,https://static.thenounproject.com/png/49613-200.png,creative-commons-attribution,Graduate Student by Wilson Joseph from Noun Project
банан,banana,https://static.thenounproject.com/png/1676-200.png,creative-commons-attribution,banana by Anna Weiss from Noun Project
семинар,seminar,https://static.thenounproject.com/png/550268-200.png,creative-commons-attribution,Seminar by David Khai from Noun Project
программист,programmer,https://static.thenounproject.com/png/28130-200.png,creative-commons-attribution,programmer by Hadi Davodpour from Noun Project
макароны,pasta,https://static.thenounproject.com/png/28638-200.png,creative-commons-attribution,Pasta by Richard Schumann from Noun Project
шорты,shorts,https://static.thenounproject.com/png/3311-200.png,creative-commons-attribution,shorts by Maurizio Fusillo from Noun Project
насморк,"cold, runny nose",https://static.thenounproject.com/png/9931-200.png,creative-commons-attribution,Cold by Dmitry Baranovskiy from Noun Project
вилка,fork,https://static.thenounproject.com/png/2255-200.png,creative-commons-attribution,fork by Dan Christopher from Noun Project
пельмени,"dumplings, pelmeni (Siberian pelmeni) (pl only)",https://static.thenounproject.com/png/36338-200.png,creative-commons-attribution,Dumplings by gayatri from Noun Project
ролик,roller skate,https://static.thenounproject.com/png/687-200.png,creative-commons-attribution,Roller Skate by Edward Boatman from Noun Project
Пасха,"Passover, Easter",https://static.thenounproject.com/png/813281-200.png,creative-commons-attribution,Passover by Ron Scott from Noun Project
зонт,umbrella,https://static.thenounproject.com/png/142-200.png,creative-commons-attribution,Umbrella by Edward Boatman from Noun Project
сериал,series,https://static.thenounproject.com/png/647165-200.png,creative-commons-attribution,series by Federico Panzano from Noun Project
булка,"roll, white bread",https://static.thenounproject.com/png/28937-200.png,creative-commons-attribution,Roll by Sergey Krivoy from Noun Project
аспирантура,"graduate school, graduate studies",https://static.thenounproject.com/png/42375-200.png,creative-commons-attribution,Graduation Cap by Suavis from Noun Project
цент,cent,https://static.thenounproject.com/png/12964-200.png,creative-commons-attribution,Cent by Charlérik Lemieux from Noun Project
балерина,ballerina,https://static.thenounproject.com/png/330245-200.png,creative-commons-attribution,ballerina by Nikita Kozin from Noun Project
журналистка,journalist,https://static.thenounproject.com/png/535374-200.png,creative-commons-attribution,journalist by Bonegolem from Noun Project
домохозяйка,housewife,https://static.thenounproject.com/png/1174014-200.png,creative-commons-attribution,housewife by DinosoftLab from Noun Project
журналистика,journalism,https://static.thenounproject.com/png/1479165-200.png,creative-commons-attribution,journalism by Alequinho from Noun Project
испанец,Spaniard,https://static.thenounproject.com/png/132809-200.png,creative-commons-attribution,spain by Federico Panzano from Noun Project
хоккей,hockey,https://static.thenounproject.com/png/19299-200.png,creative-commons-attribution,hockey by Venkatesh A.G.E from Noun Project
школьница,school student,https://static.thenounproject.com/png/2588923-200.png,creative-commons-attribution,SCHOOL STUDENT by popcornarts from Noun Project
Голливуд,Hollywood,https://static.thenounproject.com/png/731182-200.png,creative-commons-attribution,hollywood by P Thanga Vignesh from Noun Project
партнерша,partner,https://static.thenounproject.com/png/197031-200.png,creative-commons-attribution,Partner by Amandine Vandesteene from Noun Project
бифштекс,steak,https://static.thenounproject.com/png/345-200.png,creative-commons-attribution,Steak by Edward Boatman from Noun Project
дискотека,dance club,https://static.thenounproject.com/png/77923-200.png,creative-commons-attribution,turntable by Angela Gasparetti from Noun Project
немка,German,https://static.thenounproject.com/png/24870-200.png,creative-commons-attribution,German by Slawek Jurczyk from Noun Project
кампус,campus,https://static.thenounproject.com/png/434933-200.png,creative-commons-attribution,Campus by Alfredo @ IconsAlfredo.com from Noun Project
австралиец,Australian,https://static.thenounproject.com/png/2364243-200.png,creative-commons-attribution,australian by Flatart from Noun Project
хобби,"hobby, interest",https://static.thenounproject.com/png/516822-200.png,creative-commons-attribution,hobby by Becris from Noun Project
видео,"video, video recording",https://static.thenounproject.com/png/2192-200.png,creative-commons-attribution,Video by Anas Ramadan from Noun Project
американка,American,https://static.thenounproject.com/png/589998-200.png,creative-commons-attribution,American by Hea Poh Lin from Noun Project
минус,minus,https://static.thenounproject.com/png/951-200.png,creative-commons-attribution,Minus by Andre from Noun Project
баскетбол,basketball,https://static.thenounproject.com/png/393-200.png,creative-commons-attribution,Basketball by Edward Boatman from Noun Project
волейбол,volleyball,https://static.thenounproject.com/png/2713-200.png,creative-commons-attribution,Volleyball by Gabriele Fumero from Noun Project
конфетка,piece of candy,https://static.thenounproject.com/png/73946-200.png,creative-commons-attribution,candy by Norbert Kucsera from Noun Project
француженка,"Frenchman, Frenchwoman",https://static.thenounproject.com/png/23997-200.png,creative-commons-attribution,Frenchman by Gerda More from Noun Project
горилла,gorilla,https://static.thenounproject.com/png/18886-200.png,creative-commons-attribution,Gorilla by Jinhwan Kim from Noun Project
китаянка,Chinese,https://static.thenounproject.com/png/24859-200.png,creative-commons-attribution,chinese by Slawek Jurczyk from Noun Project
гольф,golf,https://static.thenounproject.com/png/420-200.png,creative-commons-attribution,Golf by Edward Boatman from Noun Project
алгебра,algebra,https://static.thenounproject.com/png/24030-200.png,creative-commons-attribution,Algebra by Ilsur Aptukov from Noun Project
кофейня,coffeehouse,https://static.thenounproject.com/png/256226-200.png,creative-commons-attribution,Coffee Shop sign by Vectors Market from Noun Project
англичанка,"Englishman, Englishwoman",https://static.thenounproject.com/png/26181-200.png,creative-commons-attribution,Englishman by Daniel Turner from Noun Project
пицца,pizza,https://static.thenounproject.com/png/152-200.png,creative-commons-attribution,Pizza by Edward Boatman from Noun Project
футболка,"t-shirt, polo shirt, sweatshirt, jersey",https://static.thenounproject.com/png/71401-200.png,creative-commons-attribution,t-shirt by iconsmind.com from Noun Project
грамматика,grammar,https://static.thenounproject.com/png/5253-200.png,creative-commons-attribution,Grammar by Tony Gines from Noun Project
десерт,dessert,https://static.thenounproject.com/png/21989-200.png,creative-commons-attribution,Dessert by NATAPON CHANTABUTR from Noun Project
шоколадка,piece of chocolate,https://static.thenounproject.com/png/64149-200.png,creative-commons-attribution,Chocolate by Amos Kofi Commey from Noun Project
гамбургер,hamburger,https://static.thenounproject.com/png/153-200.png,creative-commons-attribution,Hamburger by Edward Boatman from Noun Project
аспирантка,graduate student,https://static.thenounproject.com/png/49613-200.png,creative-commons-attribution,Graduate Student by Wilson Joseph from Noun Project
иностранка,foreigner,https://static.thenounproject.com/png/1034015-200.png,creative-commons-attribution,foreigner by Gan Khoon Lay from Noun Project
мультфильм,"cartoon, animated film",https://static.thenounproject.com/png/403783-200.png,creative-commons-attribution,cartoon by Andreav from Noun Project
Чикаго,Chicago,https://static.thenounproject.com/png/62982-200.png,creative-commons-attribution,Chicago by Eric Bird from Noun Project
вегетарианец,vegetarian,https://static.thenounproject.com/png/8071-200.png,creative-commons-attribution,Vegetarian by Cody Foss from Noun Project
майонез,mayonnaise,https://static.thenounproject.com/png/129399-200.png,creative-commons-attribution,mayonnaise by Yazmin Alanis from Noun Project
семестр,semester,https://static.thenounproject.com/png/4349184-200.png,creative-commons-attribution,semester by Studio 365 from Noun Project
пенс,pence,https://static.thenounproject.com/png/3188353-200.png,creative-commons-attribution,pence by Hai Studio from Noun Project
Мадрид,Madrid,https://static.thenounproject.com/png/24011-200.png,creative-commons-attribution,Madrid by José Manuel Rodríguez from Noun Project
Аляска,Alaska,https://static.thenounproject.com/png/19525-200.png,creative-commons-attribution,alaska by Ted Grajeda from Noun Project
баскетболист,basketball player,https://static.thenounproject.com/png/54548-200.png,creative-commons-attribution,basketball player by Luis Prado from Noun Project
Бостон,Boston,https://static.thenounproject.com/png/164718-200.png,creative-commons-attribution,boston by Vonn Weisenberger from Noun Project
японка,Japanese,https://static.thenounproject.com/png/24875-200.png,creative-commons-attribution,japanese by Slawek Jurczyk from Noun Project
телепрограмма,"TV program, show",https://static.thenounproject.com/png/2712008-200.png,creative-commons-attribution,TV program by supalerk laipawat from Noun Project
итальянка,Italian,https://static.thenounproject.com/png/24874-200.png,creative-commons-attribution,Italian by Slawek Jurczyk from Noun Project
телесериал,TV series,https://static.thenounproject.com/png/15555-200.png,creative-commons-attribution,Television by MRFA from Noun Project
кетчуп,ketchup,https://static.thenounproject.com/png/1419-200.png,creative-commons-attribution,Ketchup by Iconic from Noun Project
альпинизм,mountain climbing,https://static.thenounproject.com/png/14893-200.png,creative-commons-attribution,Mountain Climbing by Juan Pablo Bravo from Noun Project
мультик,cartoon,https://static.thenounproject.com/png/403783-200.png,creative-commons-attribution,cartoon by Andreav from Noun Project
австралийка,Australian,https://static.thenounproject.com/png/2364243-200.png,creative-commons-attribution,australian by Flatart from Noun Project
антрополог,anthropologist,https://static.thenounproject.com/png/177920-200.png,creative-commons-attribution,Carl Gustav Jung by Dabid J. Pascual from Noun Project
веган,vegan,https://static.thenounproject.com/png/102478-200.png,creative-commons-attribution,vegan by Marvin Wilhelm from Noun Project
веганка,vegan,https://static.thenounproject.com/png/102478-200.png,creative-commons-attribution,vegan by Marvin Wilhelm from Noun Project
вегетарианка,vegetarian,https://static.thenounproject.com/png/8071-200.png,creative-commons-attribution,Vegetarian by Cody Foss from Noun Project
двоюродная сестра,cousin,https://static.thenounproject.com/png/3856881-200.png,creative-commons-attribution,cousin by WEBTECHOPS LLP from Noun Project
двоюродный брат,cousin,https://static.thenounproject.com/png/3856881-200.png,creative-commons-attribution,cousin by WEBTECHOPS LLP from Noun Project
день рождения,birthday,https://static.thenounproject.com/png/62562-200.png,creative-commons-attribution,Birthday by Yazmin Alanis from Noun Project
домашнее задание,"homework, assignment",https://static.thenounproject.com/png/202763-200.png,creative-commons-attribution,homework by Marco Galtarossa from Noun Project
домашняя работа,homework,https://static.thenounproject.com/png/202763-200.png,creative-commons-attribution,homework by Marco Galtarossa from Noun Project
Индия,India,https://static.thenounproject.com/png/3241-200.png,creative-commons-attribution,india by Vigneshwar Shankar from Noun Project
испанка,Spaniard,https://static.thenounproject.com/png/132809-200.png,creative-commons-attribution,spain by Federico Panzano from Noun Project
канадка,Canadian,https://static.thenounproject.com/png/2916911-200.png,creative-commons-attribution,canadian by WEBTECHOPS LLP from Noun Project
контрольная работа,"quiz, test",https://static.thenounproject.com/png/21610-200.png,creative-commons-attribution,quiz by Rémy Médard from Noun Project
кроссовка,"sneaker, tennis shoe, trainer",https://static.thenounproject.com/png/23279-200.png,creative-commons-attribution,Sneaker by Collectif Intro from Noun Project
медбрат,male nurse,https://static.thenounproject.com/png/878796-200.png,creative-commons-attribution,male nurse by Nook Fulloption from Noun Project
музыкальная группа,"band, musical group",https://static.thenounproject.com/png/88209-200.png,creative-commons-attribution,Band by Renee Ramsey-Passmore from Noun Project
музыкальный инструмент,musical instrument,https://static.thenounproject.com/png/1283809-200.png,creative-commons-attribution,Musical Instrument by Eucalyp from Noun Project
одногруппник,classmate,https://static.thenounproject.com/png/1828529-200.png,creative-commons-attribution,classmate by Thuy Nguyen from Noun Project
одногруппница,classmate,https://static.thenounproject.com/png/1828529-200.png,creative-commons-attribution,classmate by Thuy Nguyen from Noun Project
полка,"shelf, bunk, berth (on train)",https://static.thenounproject.com/png/35044-200.png,creative-commons-attribution,shelf by Rigo Peter from Noun Project
родной город,hometown,https://static.thenounproject.com/png/2231725-200.png,creative-commons-attribution,Hometown by WEBTECHOPS LLP from Noun Project
рок группа,"rock band, rock group",https://static.thenounproject.com/png/25326-200.png,creative-commons-attribution,Guitar by Pablo Tournelle from Noun Project
Российская Федерация,Russian Federation,https://static.thenounproject.com/png/2623804-200.png,creative-commons-attribution,russian federation by Xinh Studio from Noun Project
спортсменка,athlete,https://static.thenounproject.com/png/142071-200.png,creative-commons-attribution,Athlete by Creative Stall from Noun Project
Украина,Ukraine,https://static.thenounproject.com/png/6861-200.png,creative-commons-attribution,Ukraine by Bohdan Burmich from Noun Project
